{"Min":{"0":6.981,"1":9.71,"2":43.79,"3":143.5,"4":0.05263,"5":0.01938,"6":0.0,"7":0.0,"8":0.106,"9":0.04996,"10":0.1115,"11":0.3602,"12":0.757,"13":6.802,"14":0.001713,"15":0.002252,"16":0.0,"17":0.0,"18":0.007882,"19":0.0008948,"20":7.93,"21":12.02,"22":50.41,"23":185.2,"24":0.07117,"25":0.02729,"26":0.0,"27":0.0,"28":0.1565,"29":0.05504},"Max":{"0":28.11,"1":39.28,"2":188.5,"3":2501.0,"4":0.1634,"5":0.3454,"6":0.4268,"7":0.2012,"8":0.304,"9":0.09744,"10":2.873,"11":4.885,"12":21.98,"13":542.2,"14":0.03113,"15":0.1354,"16":0.396,"17":0.05279,"18":0.07895,"19":0.02984,"20":36.04,"21":49.54,"22":251.2,"23":4254.0,"24":0.2226,"25":1.058,"26":1.252,"27":0.291,"28":0.6638,"29":0.2075},"Mi":0.0,"Ma":1.0,"AtrybutyPominiete":[]}